<xml xmlns:o="urn:schemas-microsoft-com:office:office">
 <o:MainFile HRef="../SoundBanksTool.html"/>
 <o:File HRef="item0014.xml"/>
 <o:File HRef="props0015.xml"/>
 <o:File HRef="themedata.thmx"/>
 <o:File HRef="colorschememapping.xml"/>
 <o:File HRef="image001.gif"/>
 <o:File HRef="image002.jpg"/>
 <o:File HRef="image003.png"/>
 <o:File HRef="image004.jpg"/>
 <o:File HRef="image008.png"/>
 <o:File HRef="image009.jpg"/>
 <o:File HRef="image006.png"/>
 <o:File HRef="image007.jpg"/>
 <o:File HRef="filelist.xml"/>
</xml>